Medicine,Doctor,Link
Abhayarishta,Dr.V.P. Ajil Kumar,https://www.chikitsa.com/doctor/dr-vp-ajil-kumar-ayurvedic-doctor-and-therapist-tiruchirappalli
Amritarishta,Dr. Girish Varrier,https://www.chikitsa.com/doctor/dr-girish-varrier-ayurvedic-doctor-and-therapist-tiruchirappalli
Aragvadharishta,Dr.K.R. Shijith,https://www.chikitsa.com/doctor/dr-kr-shijith-ayurvedic-doctor-and-therapist-tiruchirappalli
Aravindasava,Dr.P. Rajalakshmi,https://www.chikitsa.com/doctor/dr-p-rajalakshmi-ayurvedic-doctor-and-therapist-tiruchirappalli
Arjunarishta/Parthadyarishta,Dr. Amutha,https://www.chikitsa.com/doctor/dr-amutha-ayurvedic-doctor-and-therapist-tiruchirappalli
Ashokarishta,Dr. Revathi,https://www.chikitsa.com/doctor/dr-revathi-ayurvedic-doctor-and-therapist-tiruchirappalli
Ashvagandharishta,Dr.M. Ananda Kumar,https://www.chikitsa.com/doctor/dr-m-ananda-kumar-ayurvedic-doctor-and-therapist-tiruchirappalli
Balarishta,Dr.V. Krishnamoorthy,https://www.chikitsa.com/doctor/dr-v-krishnamoorthy-ayurvedic-doctor-and-therapist-tiruchirappalli
Chandanasava,Dr. Joys Sebastian,https://www.chikitsa.com/doctor/dr-joys-sebastian-ayurvedic-doctor-and-therapist-tiruchirappalli
Dashamularishta,Dr.V. Magesh,https://www.chikitsa.com/therapist/dr-v-magesh-acupuncture-doctor-and-therapist-tiruchirappalli
Drakshasava,Dr.V.P. Ajil Kumar,https://www.chikitsa.com/doctor/dr-vp-ajil-kumar-ayurvedic-doctor-and-therapist-tiruchirappalli
Draksharishta,Dr. Girish Varrier,https://www.chikitsa.com/doctor/dr-girish-varrier-ayurvedic-doctor-and-therapist-tiruchirappalli
Jirakadyarishta,Dr.P. Rajalakshmi,https://www.chikitsa.com/doctor/dr-p-rajalakshmi-ayurvedic-doctor-and-therapist-tiruchirappalli
Kanakasava,Dr.K.R. Shijith,https://www.chikitsa.com/doctor/dr-kr-shijith-ayurvedic-doctor-and-therapist-tiruchirappalli
Kumaryasava,Dr.M. Ananda Kumar,https://www.chikitsa.com/doctor/dr-m-ananda-kumar-ayurvedic-doctor-and-therapist-tiruchirappalli
Kutajarishta,Dr.V. Krishnamoorthy,https://www.chikitsa.com/doctor/dr-v-krishnamoorthy-ayurvedic-doctor-and-therapist-tiruchirappalli
Khadirarishta,Dr. Amutha,https://www.chikitsa.com/doctor/dr-amutha-ayurvedic-doctor-and-therapist-tiruchirappalli
Lodhrasava/Rodhrasava,Dr.S. Sathiya Narayana Murthy,https://www.chikitsa.com/doctor/dr-s-sathiya-narayana-murthy-ayurvedic-doctor-and-therapist-chennai
Lohasava,Dr.P.L.T. Girija,https://www.chikitsa.com/doctor/dr-plt-girija-ayurvedic-doctor-and-therapist-chennai
Mustakarishta,Dr. Gowthaman,https://www.chikitsa.com/doctor/dr-gowthaman-ayurvedic-doctor-and-therapist-chennai
Pippalyadyasava,Dr. Marimthu,https://www.chikitsa.com/doctor/dr-marimthu-ayurvedic-doctor-and-therapist-chennai
Rohitakarishta,Dr. Sowrirajan,https://www.chikitsa.com/doctor/dr-sowrirajan-ayurvedic-doctor-and-therapist-chennai
Sarasvatarishta,Dr.D. Jayashree,https://www.chikitsa.com/doctor/dr-d-jayashree-ayurvedic-doctor-and-therapist-chennai
Ushirasava,Dr. Poonam Verma,https://www.chikitsa.com/doctor/dr-poonam-verma-ayurvedic-doctor-and-therapist-chennai
Vasakasava,Dr.D. Desikachaarlu,https://www.chikitsa.com/doctor/dr-d-desikachaarlu-ayurvedic-doctor-and-therapist-chennai
Punarnavasava,Dr. Ganesh Balasubramaniam,https://www.chikitsa.com/doctor/dr-ganesh-balasubramaniam-ayurvedic-doctor-and-therapist-chennai
Arka Yavani/Arka Ajvayana,Dr.B. Harinatha Chary,https://www.chikitsa.com/doctor/dr-b-harinatha-chary-ayurvedic-doctor-and-therapist-chennai
Arka Shatpushpa/Mishr eyarka,Dr. M.Santhosh kumar,https://www.chikitsa.com/doctor/dr-msanthosh-kumar-ayurvedic-doctor-and-therapist-chennai
Arka Pudina,Dr.D. Sri Krishna,https://www.chikitsa.com/doctor/dr-d-sri-krishna-ayurvedic-doctor-and-therapist-chennai
Agastya Haritaki/Agastya Rasayana,Dr.C. Vijayakumar,https://www.chikitsa.com/doctor/dr-c-vijayakumar-ayurvedic-doctor-and-therapist-chennai
Bilvadi Leha,Dr. Raichal Rabecca,https://www.chikitsa.com/doctor/dr-raichal-rabecca-ayurvedic-doctor-and-therapist-chennai
Brahama Rasayana,Dr.A. Prince,https://www.chikitsa.com/doctor/dr-a-prince-ayurvedic-doctor-and-therapist-chennai
Chitraka Haritaki,Dr. Usha Patil,https://www.chikitsa.com/doctor/dr-usha-patil-ayurvedic-doctor-and-therapist-chennai
Chyavanprash Avaleha,Dr.S. Chandra Sekar,https://www.chikitsa.com/doctor/dr-s-chandra-sekar-ayurvedic-doctor-and-therapist-chennai
Drakshavaleha,Dr. Shankar,https://www.chikitsa.com/doctor/dr-shankar-ayurvedic-doctor-and-therapist-chennai
Haridrakhanda Paka,Dr.U. Sarath Babu,https://www.chikitsa.com/doctor/dr-u-sarath-babu-ayurvedic-doctor-and-therapist-chennai
Kutajavaleha,Dr.S. Senthil Kumar,https://www.chikitsa.com/doctor/dr-s-senthil-kumar-ayurvedic-doctor-and-therapist-chennai
Kalyanak Guda,Dr. Marimuthu,https://www.chikitsa.com/doctor/dr-marimuthu-ayurvedic-doctor-and-therapist-chennai
Kantakaryavaleha,Dr. Monica,https://www.chikitsa.com/doctor/dr-monica-ayurvedic-doctor-and-therapist-chennai
Kushmandaka Rasayana,Dr.S. Nagarajan,https://www.chikitsa.com/doctor/dr-s-nagarajan-ayurvedic-doctor-and-therapist-chennai
Puga Khanda/Supari Paka,Dr.S.R. Yazhini,https://www.chikitsa.com/doctor/dr-sr-yazhini-ayurvedic-doctor-and-therapist-chennai
Saubhagyashunthi Paka,Dr. Radhakrishnan,https://www.chikitsa.com/doctor/dr-radhakrishnan-ayurvedic-doctor-and-therapist-chennai
Shatavariguda,Dr. Balakrishnan,https://www.chikitsa.com/doctor/dr-balakrishnan-ayurvedic-doctor-and-therapist-chennai
Vasavaleha,Dr. Dhanvanthri Karthic Vel,https://www.chikitsa.com/doctor/dr-dhanvanthri-karthic-vel-ayurvedic-doctor-and-therapist-chennai
Vyaghri Haritaki,Dr.C. Madhusudhanan,https://www.chikitsa.com/doctor/dr-c-madhusudhanan-ayurvedic-doctor-and-therapist-chennai
Dashamula Kvatha Churna,Dr. Jammi Venkataraman,https://www.chikitsa.com/doctor/dr-jammi-venkataraman-ayurvedic-doctor-and-therapist-chennai
Dashmula Katutraya Kvatha Churna,Dr. Nirmala,https://www.chikitsa.com/doctor/dr-nirmala-ayurvedic-doctor-and-therapist-chennai
Dhanyapanchaka Kashaya Churna,Dr. Syed Khali Fathullah,https://www.chikitsa.com/doctor/dr-syed-khali-fathullah-ayurvedic-doctor-and-therapist-chennai
Guduchyadi Kashaya Churna,Dr.B. Pandian,https://www.chikitsa.com/doctor/dr-b-pandian-ayurvedic-doctor-and-therapist-chennai
Indukantam Kashayam Churna,Dr.P. Rajalakshmi,https://www.chikitsa.com/doctor/dr-p-rajalakshmi-ayurvedic-doctor-and-therapist-tiruchirappalli
Pancha-valkala Kashaya Churna,Dr. Amutha,https://www.chikitsa.com/doctor/dr-amutha-ayurvedic-doctor-and-therapist-tiruchirappalli
Pathyadi Kvatha(Shadanga) Churna,Dr. Revathi,https://www.chikitsa.com/doctor/dr-revathi-ayurvedic-doctor-and-therapist-tiruchirappalli
Phalatrikadi Kvatha Churna,Dr.M. Ananda Kumar,https://www.chikitsa.com/doctor/dr-m-ananda-kumar-ayurvedic-doctor-and-therapist-tiruchirappalli
Rasnasaptaka Kashaya Churna,Dr.V. Krishnamoorthy,https://www.chikitsa.com/doctor/dr-v-krishnamoorthy-ayurvedic-doctor-and-therapist-tiruchirappalli
Shadanga Kvatha Churna,Dr. Joys Sebastian,https://www.chikitsa.com/doctor/dr-joys-sebastian-ayurvedic-doctor-and-therapist-tiruchirappalli
Trinapanchamula Kvatha Churna,Dr.V. Magesh,https://www.chikitsa.com/therapist/dr-v-magesh-acupuncture-doctor-and-therapist-tiruchirappalli
Varunadi Kvatha Churna,Dr.V.P. Ajil Kumar,https://www.chikitsa.com/doctor/dr-vp-ajil-kumar-ayurvedic-doctor-and-therapist-tiruchirappalli
Vasaguduchyadi Kashaya Churna,Dr. Girish Varrier,https://www.chikitsa.com/doctor/dr-girish-varrier-ayurvedic-doctor-and-therapist-tiruchirappalli
Amritadi Guggulu,Dr.P. Rajalakshmi,https://www.chikitsa.com/doctor/dr-p-rajalakshmi-ayurvedic-doctor-and-therapist-tiruchirappalli
Gokshuradi Guggulu,Dr.K.R. Shijith,https://www.chikitsa.com/doctor/dr-kr-shijith-ayurvedic-doctor-and-therapist-tiruchirappalli
Kanchanara Guggulu,Dr.M. Ananda Kumar,https://www.chikitsa.com/doctor/dr-m-ananda-kumar-ayurvedic-doctor-and-therapist-tiruchirappalli
Kaishora Guggulu,Dr.V. Krishnamoorthy,https://www.chikitsa.com/doctor/dr-v-krishnamoorthy-ayurvedic-doctor-and-therapist-tiruchirappalli
Lakshadi Guggulu,Dr. Amutha,https://www.chikitsa.com/doctor/dr-amutha-ayurvedic-doctor-and-therapist-tiruchirappalli
Navak Guggulu,Dr.S. Sathiya Narayana Murthy,https://www.chikitsa.com/doctor/dr-s-sathiya-narayana-murthy-ayurvedic-doctor-and-therapist-chennai
Rasna Guggulu,Dr.S. Nagarajan,https://www.chikitsa.com/doctor/dr-s-nagarajan-ayurvedic-doctor-and-therapist-chennai
Simhanada Guggulu,Dr.S.R. Yazhini,https://www.chikitsa.com/doctor/dr-sr-yazhini-ayurvedic-doctor-and-therapist-chennai
Saptavinshati Guggulu,Dr. Radhakrishnan,https://www.chikitsa.com/doctor/dr-radhakrishnan-ayurvedic-doctor-and-therapist-chennai
Triphala Guggulu,Dr. Balakrishnan,https://www.chikitsa.com/doctor/dr-balakrishnan-ayurvedic-doctor-and-therapist-chennai
Trayodashanga Guggulu,Dr. Dhanvanthri Karthic Vel,https://www.chikitsa.com/doctor/dr-dhanvanthri-karthic-vel-ayurvedic-doctor-and-therapist-chennai
Punarnava Guggulu,Dr.C. Madhusudhanan,https://www.chikitsa.com/doctor/dr-c-madhusudhanan-ayurvedic-doctor-and-therapist-chennai
Yogaraja Guggulu,Dr. Jammi Venkataraman,https://www.chikitsa.com/doctor/dr-jammi-venkataraman-ayurvedic-doctor-and-therapist-chennai
Brahmi Ghrita,Dr. Nirmala,https://www.chikitsa.com/doctor/dr-nirmala-ayurvedic-doctor-and-therapist-chennai
Dadimadi Ghrita,Dr. Syed Khali Fathullah,https://www.chikitsa.com/doctor/dr-syed-khali-fathullah-ayurvedic-doctor-and-therapist-chennai
Guggulutiktaka Ghrita,Dr.B. Pandian,https://www.chikitsa.com/doctor/dr-b-pandian-ayurvedic-doctor-and-therapist-chennai
Jathyadi Ghrita,Dr. Girish Varrier,https://www.chikitsa.com/doctor/dr-girish-varrier-ayurvedic-doctor-and-therapist-tiruchirappalli
Kalyanaka Ghrita,Dr.P. Rajalakshmi,https://www.chikitsa.com/doctor/dr-p-rajalakshmi-ayurvedic-doctor-and-therapist-tiruchirappalli
Kshirashatpala Ghrita,Dr. Revathi,https://www.chikitsa.com/doctor/dr-revathi-ayurvedic-doctor-and-therapist-tiruchirappalli
Panchatikta Ghrita,Dr.V. Krishnamoorthy,https://www.chikitsa.com/doctor/dr-v-krishnamoorthy-ayurvedic-doctor-and-therapist-tiruchirappalli
Phala Ghrita,Dr.V. Magesh,https://www.chikitsa.com/therapist/dr-v-magesh-acupuncture-doctor-and-therapist-tiruchirappalli
Shatavaryadi Ghrita,Dr. Girish Varrier,https://www.chikitsa.com/doctor/dr-girish-varrier-ayurvedic-doctor-and-therapist-tiruchirappalli
Sukumar Ghrita,Dr. Amutha,https://www.chikitsa.com/doctor/dr-amutha-ayurvedic-doctor-and-therapist-tiruchirappalli
Indu kanta Ghrita,Dr. Marimthu,https://www.chikitsa.com/doctor/dr-marimthu-ayurvedic-doctor-and-therapist-chennai
Tiktaka Ghrita,Dr.D. Jayashree,https://www.chikitsa.com/doctor/dr-d-jayashree-ayurvedic-doctor-and-therapist-chennai
Triphala Ghrita,Dr. Amutha,https://www.chikitsa.com/doctor/dr-amutha-ayurvedic-doctor-and-therapist-tiruchirappalli
Ajamodadi Churna,Dr. Joys Sebastian,https://www.chikitsa.com/doctor/dr-joys-sebastian-ayurvedic-doctor-and-therapist-tiruchirappalli
Avipattikara Churna,Dr.M. Ananda Kumar,https://www.chikitsa.com/doctor/dr-m-ananda-kumar-ayurvedic-doctor-and-therapist-tiruchirappalli
Balachaturbhadra Churna,Dr.P.L.T. Girija,https://www.chikitsa.com/doctor/dr-plt-girija-ayurvedic-doctor-and-therapist-chennai
Bilvadi Churna,Dr. Marimthu,https://www.chikitsa.com/doctor/dr-marimthu-ayurvedic-doctor-and-therapist-chennai
Dadimastak Churna,Dr.D. Desikachaarlu,https://www.chikitsa.com/doctor/dr-d-desikachaarlu-ayurvedic-doctor-and-therapist-chennai
Dashanasanskara Churna,Dr. M.Santhosh kumar,https://www.chikitsa.com/doctor/dr-msanthosh-kumar-ayurvedic-doctor-and-therapist-chennai
Eladi Churna,Dr. Usha Patil,https://www.chikitsa.com/doctor/dr-usha-patil-ayurvedic-doctor-and-therapist-chennai
Hingvashtaka Churna,Dr.U. Sarath Babu,https://www.chikitsa.com/doctor/dr-u-sarath-babu-ayurvedic-doctor-and-therapist-chennai
Lavanabhaskara Churna/Bhaskarlavan churna,Dr. Girish Varrier,https://www.chikitsa.com/doctor/dr-girish-varrier-ayurvedic-doctor-and-therapist-tiruchirappalli
Nisha-Amalaki Churna,Dr.S. Nagarajan,https://www.chikitsa.com/doctor/dr-s-nagarajan-ayurvedic-doctor-and-therapist-chennai
Pushyanuga Churna,Dr. Syed Khali Fathullah,https://www.chikitsa.com/doctor/dr-syed-khali-fathullah-ayurvedic-doctor-and-therapist-chennai
Panchanimba Churna,Dr.V. Krishnamoorthy,https://www.chikitsa.com/doctor/dr-v-krishnamoorthy-ayurvedic-doctor-and-therapist-tiruchirappalli
Sitopaladi Churna,Dr. Monica,https://www.chikitsa.com/doctor/dr-monica-ayurvedic-doctor-and-therapist-chennai
Talishadya Churna,Dr.S. Nagarajan,https://www.chikitsa.com/doctor/dr-s-nagarajan-ayurvedic-doctor-and-therapist-chennai
Trikatu Churna,Dr.S.R. Yazhini,https://www.chikitsa.com/doctor/dr-sr-yazhini-ayurvedic-doctor-and-therapist-chennai
Triphala Churna,Dr. Radhakrishnan,https://www.chikitsa.com/doctor/dr-radhakrishnan-ayurvedic-doctor-and-therapist-chennai
Jatiphaladya Churna,Dr. Balakrishnan,https://www.chikitsa.com/doctor/dr-balakrishnan-ayurvedic-doctor-and-therapist-chennai
Amalaki Churna,Dr. Dhanvanthri Karthic Vel,https://www.chikitsa.com/doctor/dr-dhanvanthri-karthic-vel-ayurvedic-doctor-and-therapist-chennai
Arjuna Churna,Dr.C. Madhusudhanan,https://www.chikitsa.com/doctor/dr-c-madhusudhanan-ayurvedic-doctor-and-therapist-chennai
Ashvagandha Churna,Dr. Jammi Venkataraman,https://www.chikitsa.com/doctor/dr-jammi-venkataraman-ayurvedic-doctor-and-therapist-chennai
Gokshura Churna,Dr. Nirmala,https://www.chikitsa.com/doctor/dr-nirmala-ayurvedic-doctor-and-therapist-chennai
Guduchi Churna,Dr. Syed Khali Fathullah,https://www.chikitsa.com/doctor/dr-syed-khali-fathullah-ayurvedic-doctor-and-therapist-chennai
Haritaki Churna,Dr.B. Pandian,https://www.chikitsa.com/doctor/dr-b-pandian-ayurvedic-doctor-and-therapist-chennai
Pippali Churna,Dr. Poonam Verma,https://www.chikitsa.com/doctor/dr-poonam-verma-ayurvedic-doctor-and-therapist-chennai
Pippali mula Churna,Dr.D. Desikachaarlu,https://www.chikitsa.com/doctor/dr-d-desikachaarlu-ayurvedic-doctor-and-therapist-chennai
Punarnava Churna,Dr. Ganesh Balasubramaniam,https://www.chikitsa.com/doctor/dr-ganesh-balasubramaniam-ayurvedic-doctor-and-therapist-chennai
Shunthi Churna,Dr.B. Harinatha Chary,https://www.chikitsa.com/doctor/dr-b-harinatha-chary-ayurvedic-doctor-and-therapist-chennai
Sarasvata Churna,Dr. M.Santhosh kumar,https://www.chikitsa.com/doctor/dr-msanthosh-kumar-ayurvedic-doctor-and-therapist-chennai
Trivritamul Churna/Trivrita Churna,Dr.D. Sri Krishna,https://www.chikitsa.com/doctor/dr-d-sri-krishna-ayurvedic-doctor-and-therapist-chennai
Vidanga Churna,Dr.C. Vijayakumar,https://www.chikitsa.com/doctor/dr-c-vijayakumar-ayurvedic-doctor-and-therapist-chennai
Yashtimadhu/Madhuyashti/Yashti Churna,Dr. Raichal Rabecca,https://www.chikitsa.com/doctor/dr-raichal-rabecca-ayurvedic-doctor-and-therapist-chennai
Anutaila,Dr.A. Prince,https://www.chikitsa.com/doctor/dr-a-prince-ayurvedic-doctor-and-therapist-chennai
Apamargkshara Taila,Dr. Marimthu,https://www.chikitsa.com/doctor/dr-marimthu-ayurvedic-doctor-and-therapist-chennai
Bala Taila,Dr. Poonam Verma,https://www.chikitsa.com/doctor/dr-poonam-verma-ayurvedic-doctor-and-therapist-chennai
Balashvagandhadi Taila,Dr. Ganesh Balasubramaniam,https://www.chikitsa.com/doctor/dr-ganesh-balasubramaniam-ayurvedic-doctor-and-therapist-chennai
Bhringaraja Tail,Dr.D. Sri Krishna,https://www.chikitsa.com/doctor/dr-d-sri-krishna-ayurvedic-doctor-and-therapist-chennai
Dhanvantar Taila/Dhanvantar Taila Avarti,Dr.K.R. Shijith,https://www.chikitsa.com/doctor/dr-kr-shijith-ayurvedic-doctor-and-therapist-tiruchirappalli
Eranda Taila,Dr. Dhanvanthri Karthic Vel,https://www.chikitsa.com/doctor/dr-dhanvanthri-karthic-vel-ayurvedic-doctor-and-therapist-chennai
Erimedadi Taila,Dr.P. Rajalakshmi,https://www.chikitsa.com/doctor/dr-p-rajalakshmi-ayurvedic-doctor-and-therapist-tiruchirappalli
Gandharvahasta Taila,Dr. Girish Varrier,https://www.chikitsa.com/doctor/dr-girish-varrier-ayurvedic-doctor-and-therapist-tiruchirappalli
Jatyadi Taila,Dr.M. Ananda Kumar,https://www.chikitsa.com/doctor/dr-m-ananda-kumar-ayurvedic-doctor-and-therapist-tiruchirappalli
Kshirbala Taila/Kshirbala Taila Avarti (Shatapaki),Dr. Girish Varrier,https://www.chikitsa.com/doctor/dr-girish-varrier-ayurvedic-doctor-and-therapist-tiruchirappalli
Kottamachukkadi Taila,Dr.C. Madhusudhanan,https://www.chikitsa.com/doctor/dr-c-madhusudhanan-ayurvedic-doctor-and-therapist-chennai
Karpuradi Taila,Dr.B. Pandian,https://www.chikitsa.com/doctor/dr-b-pandian-ayurvedic-doctor-and-therapist-chennai
Kasisadi Taila,Dr. Monica,https://www.chikitsa.com/doctor/dr-monica-ayurvedic-doctor-and-therapist-chennai
Laghuvishagarbha Taila,Dr.S. Nagarajan,https://www.chikitsa.com/doctor/dr-s-nagarajan-ayurvedic-doctor-and-therapist-chennai
Marichyadi Taila,Dr.S.R. Yazhini,https://www.chikitsa.com/doctor/dr-sr-yazhini-ayurvedic-doctor-and-therapist-chennai
Mahanarayan Taila,Dr. Radhakrishnan,https://www.chikitsa.com/doctor/dr-radhakrishnan-ayurvedic-doctor-and-therapist-chennai
Brihanmasha Taila/Mahamash Taila,Dr. Balakrishnan,https://www.chikitsa.com/doctor/dr-balakrishnan-ayurvedic-doctor-and-therapist-chennai
Murivenna Tail,Dr. Dhanvanthri Karthic Vel,https://www.chikitsa.com/doctor/dr-dhanvanthri-karthic-vel-ayurvedic-doctor-and-therapist-chennai
Narayana Taila,Dr.C. Madhusudhanan,https://www.chikitsa.com/doctor/dr-c-madhusudhanan-ayurvedic-doctor-and-therapist-chennai
Nalpamaradi Taila,Dr. Jammi Venkataraman,https://www.chikitsa.com/doctor/dr-jammi-venkataraman-ayurvedic-doctor-and-therapist-chennai
Nirgundi Taila,Dr. Nirmala,https://www.chikitsa.com/doctor/dr-nirmala-ayurvedic-doctor-and-therapist-chennai
Panchaguna Taila,Dr. Syed Khali Fathullah,https://www.chikitsa.com/doctor/dr-syed-khali-fathullah-ayurvedic-doctor-and-therapist-chennai
Pinda Taila,Dr.B. Pandian,https://www.chikitsa.com/doctor/dr-b-pandian-ayurvedic-doctor-and-therapist-chennai
Prasarini Taila,Dr.P. Rajalakshmi,https://www.chikitsa.com/doctor/dr-p-rajalakshmi-ayurvedic-doctor-and-therapist-tiruchirappalli
Sahacharadi Taila/Brihatsahcharadi Taila,Dr. Amutha,https://www.chikitsa.com/doctor/dr-amutha-ayurvedic-doctor-and-therapist-tiruchirappalli
Saindhavadi Taila,Dr. Revathi,https://www.chikitsa.com/doctor/dr-revathi-ayurvedic-doctor-and-therapist-tiruchirappalli
Shadabindu Taila,Dr.M. Ananda Kumar,https://www.chikitsa.com/doctor/dr-m-ananda-kumar-ayurvedic-doctor-and-therapist-tiruchirappalli
Somaraji Taila/Bakuchi Taila,Dr.V. Krishnamoorthy,https://www.chikitsa.com/doctor/dr-v-krishnamoorthy-ayurvedic-doctor-and-therapist-tiruchirappalli
Apamarga Kshar,Dr. Joys Sebastian,https://www.chikitsa.com/doctor/dr-joys-sebastian-ayurvedic-doctor-and-therapist-tiruchirappalli
Yavakshar,Dr.V. Magesh,https://www.chikitsa.com/therapist/dr-v-magesh-acupuncture-doctor-and-therapist-tiruchirappalli
Ksharsutra,Dr. Nirmala,https://www.chikitsa.com/doctor/dr-nirmala-ayurvedic-doctor-and-therapist-chennai
Dashanga Lepa,Dr. Syed Khali Fathullah,https://www.chikitsa.com/doctor/dr-syed-khali-fathullah-ayurvedic-doctor-and-therapist-chennai
Shveta Malaham,Dr.B. Pandian,https://www.chikitsa.com/doctor/dr-b-pandian-ayurvedic-doctor-and-therapist-chennai
Sarjarasa Malahara,Dr. Poonam Verma,https://www.chikitsa.com/doctor/dr-poonam-verma-ayurvedic-doctor-and-therapist-chennai
Abhayadi Modakam,Dr.D. Desikachaarlu,https://www.chikitsa.com/doctor/dr-d-desikachaarlu-ayurvedic-doctor-and-therapist-chennai
Bilvadi Gutika,Dr. Ganesh Balasubramaniam,https://www.chikitsa.com/doctor/dr-ganesh-balasubramaniam-ayurvedic-doctor-and-therapist-chennai
Chandraprabha Vati,Dr.B. Harinatha Chary,https://www.chikitsa.com/doctor/dr-b-harinatha-chary-ayurvedic-doctor-and-therapist-chennai
Chitrakadi Gutika,Dr. M.Santhosh kumar,https://www.chikitsa.com/doctor/dr-msanthosh-kumar-ayurvedic-doctor-and-therapist-chennai
Dhanvantar Gutika,Dr.D. Sri Krishna,https://www.chikitsa.com/doctor/dr-d-sri-krishna-ayurvedic-doctor-and-therapist-chennai
Eladi Gutika,Dr.C. Vijayakumar,https://www.chikitsa.com/doctor/dr-c-vijayakumar-ayurvedic-doctor-and-therapist-chennai
Kankayan Gutika,Dr. Raichal Rabecca,https://www.chikitsa.com/doctor/dr-raichal-rabecca-ayurvedic-doctor-and-therapist-chennai
Khadiradi Gutika (Mukhroga),Dr.A. Prince,https://www.chikitsa.com/doctor/dr-a-prince-ayurvedic-doctor-and-therapist-chennai
Kutajaghan Vati,Dr. Marimthu,https://www.chikitsa.com/doctor/dr-marimthu-ayurvedic-doctor-and-therapist-chennai
Lavangadi Vati,Dr. Poonam Verma,https://www.chikitsa.com/doctor/dr-poonam-verma-ayurvedic-doctor-and-therapist-chennai
Lahsunadi Vati,Dr. Ganesh Balasubramaniam,https://www.chikitsa.com/doctor/dr-ganesh-balasubramaniam-ayurvedic-doctor-and-therapist-chennai
Prabhakara Vati,Dr.D. Sri Krishna,https://www.chikitsa.com/doctor/dr-d-sri-krishna-ayurvedic-doctor-and-therapist-chennai
Rajahpravartini Vati,Dr.K.R. Shijith,https://www.chikitsa.com/doctor/dr-kr-shijith-ayurvedic-doctor-and-therapist-tiruchirappalli
Samshamani Vati/Guduchighana Vati,Dr. Dhanvanthri Karthic Vel,https://www.chikitsa.com/doctor/dr-dhanvanthri-karthic-vel-ayurvedic-doctor-and-therapist-chennai
Sarpagandhaghana Vati,Dr.P. Rajalakshmi,https://www.chikitsa.com/doctor/dr-p-rajalakshmi-ayurvedic-doctor-and-therapist-tiruchirappalli
Sanjivani Vati,Dr. Girish Varrier,https://www.chikitsa.com/doctor/dr-girish-varrier-ayurvedic-doctor-and-therapist-tiruchirappalli
Vettumaran Gulika,Dr. Sowrirajan,https://www.chikitsa.com/doctor/dr-sowrirajan-ayurvedic-doctor-and-therapist-chennai
Elanirkuzambu/Nalikeranjana,Dr.D. Jayashree,https://www.chikitsa.com/doctor/dr-d-jayashree-ayurvedic-doctor-and-therapist-chennai
Guduchi Sattva,Dr. Poonam Verma,https://www.chikitsa.com/doctor/dr-poonam-verma-ayurvedic-doctor-and-therapist-chennai
Panchamrita Parpati,Dr.D. Desikachaarlu,https://www.chikitsa.com/doctor/dr-d-desikachaarlu-ayurvedic-doctor-and-therapist-chennai
Shveta Parpati/Kshara Parpati,Dr. Ganesh Balasubramaniam,https://www.chikitsa.com/doctor/dr-ganesh-balasubramaniam-ayurvedic-doctor-and-therapist-chennai
Akika Pishti,Dr.B. Harinatha Chary,https://www.chikitsa.com/doctor/dr-b-harinatha-chary-ayurvedic-doctor-and-therapist-chennai
Mukta Pishti,Dr. M.Santhosh kumar,https://www.chikitsa.com/doctor/dr-msanthosh-kumar-ayurvedic-doctor-and-therapist-chennai
Pravala Pishti,Dr.D. Sri Krishna,https://www.chikitsa.com/doctor/dr-d-sri-krishna-ayurvedic-doctor-and-therapist-chennai
Godanti Bhasma,Dr.C. Vijayakumar,https://www.chikitsa.com/doctor/dr-c-vijayakumar-ayurvedic-doctor-and-therapist-chennai
Jaharamohara Bhasma,Dr. Raichal Rabecca,https://www.chikitsa.com/doctor/dr-raichal-rabecca-ayurvedic-doctor-and-therapist-chennai
Kapardika Bhasma,Dr.A. Prince,https://www.chikitsa.com/doctor/dr-a-prince-ayurvedic-doctor-and-therapist-chennai
Mandur Bhasma,Dr. Usha Patil,https://www.chikitsa.com/doctor/dr-usha-patil-ayurvedic-doctor-and-therapist-chennai
Muktashukti Bhasma,Dr.S. Chandra Sekar,https://www.chikitsa.com/doctor/dr-s-chandra-sekar-ayurvedic-doctor-and-therapist-chennai
Shankha Bhasma,Dr. Shankar,https://www.chikitsa.com/doctor/dr-shankar-ayurvedic-doctor-and-therapist-chennai
Sphatika Bhasma,Dr.U. Sarath Babu,https://www.chikitsa.com/doctor/dr-u-sarath-babu-ayurvedic-doctor-and-therapist-chennai
Tankana Bhasma/Saubhagya Bhasma,Dr.S. Senthil Kumar,https://www.chikitsa.com/doctor/dr-s-senthil-kumar-ayurvedic-doctor-and-therapist-chennai
Punarnavadi Mandura,Dr. Marimuthu,https://www.chikitsa.com/doctor/dr-marimuthu-ayurvedic-doctor-and-therapist-chennai
Arogyavardhini Vati/Rasa,Dr. Monica,https://www.chikitsa.com/doctor/dr-monica-ayurvedic-doctor-and-therapist-chennai
Arsho Kuthara Rasa,Dr.S. Nagarajan,https://www.chikitsa.com/doctor/dr-s-nagarajan-ayurvedic-doctor-and-therapist-chennai
Brahmi Vati,Dr.S.R. Yazhini,https://www.chikitsa.com/doctor/dr-sr-yazhini-ayurvedic-doctor-and-therapist-chennai
Gandhak Rasayana,Dr. Radhakrishnan,https://www.chikitsa.com/doctor/dr-radhakrishnan-ayurvedic-doctor-and-therapist-chennai
Kamadudha  Rasa,Dr. Balakrishnan,https://www.chikitsa.com/doctor/dr-balakrishnan-ayurvedic-doctor-and-therapist-chennai
Laghumalini Vasanta Rasa,Dr. Dhanvanthri Karthic Vel,https://www.chikitsa.com/doctor/dr-dhanvanthri-karthic-vel-ayurvedic-doctor-and-therapist-chennai
Laghu Sutashekhara Rasa,Dr.C. Madhusudhanan,https://www.chikitsa.com/doctor/dr-c-madhusudhanan-ayurvedic-doctor-and-therapist-chennai
Navajivana Rasa,Dr. Raichal Rabecca,https://www.chikitsa.com/doctor/dr-raichal-rabecca-ayurvedic-doctor-and-therapist-chennai
Shankha Vati,Dr.A. Prince,https://www.chikitsa.com/doctor/dr-a-prince-ayurvedic-doctor-and-therapist-chennai
Shirahshuladi vajra Rasa,Dr. Usha Patil,https://www.chikitsa.com/doctor/dr-usha-patil-ayurvedic-doctor-and-therapist-chennai
Shvasakuthara Rasa,Dr.S. Chandra Sekar,https://www.chikitsa.com/doctor/dr-s-chandra-sekar-ayurvedic-doctor-and-therapist-chennai
Smritisagara Rasa,Dr. Shankar,https://www.chikitsa.com/doctor/dr-shankar-ayurvedic-doctor-and-therapist-chennai
Tribhuvankirti Rasa,Dr.U. Sarath Babu,https://www.chikitsa.com/doctor/dr-u-sarath-babu-ayurvedic-doctor-and-therapist-chennai
Vatagajankusha Rasa,Dr.S. Senthil Kumar,https://www.chikitsa.com/doctor/dr-s-senthil-kumar-ayurvedic-doctor-and-therapist-chennai
Vatavidhavansan Rasa,Dr. Marimuthu,https://www.chikitsa.com/doctor/dr-marimuthu-ayurvedic-doctor-and-therapist-chennai
Navayasa Lauha,Dr. Monica,https://www.chikitsa.com/doctor/dr-monica-ayurvedic-doctor-and-therapist-chennai
Saptamrita Lauha,Dr.S. Nagarajan,https://www.chikitsa.com/doctor/dr-s-nagarajan-ayurvedic-doctor-and-therapist-chennai
,,
,,
,,
,,
,,
,,
,,
,,
,,
,,
,,
,,
,,
,,
,,
,,
,,
,,
,,
,,
,,
,,
,,
,,
,,
,,
,,
,,
,,
,,
,,
,,
,,
,,
,,
,,
,,
,,
,,
,,
,,
,,
,,
,,
,,
,,
,,
,,
,,
,,
,,
,,
,,
,,
,,
,,
,,
,,
,,
,,
,,
,,
,,
,,
,,
,,
,,
,,
,,
,,
,,
,,
,,
,,
,,
,,
,,
,,
,,
,,
,,
