Medicine,TipsFM
Abhayarishta,Typically taken after meals for digestive health.
Amritarishta,Generally taken after meals to boost immunity.
Aragvadharishta,Typically taken before meals for digestive and detoxification benefits.
Aravindasava,Often taken before meals to improve appetite.
Arjunarishta/Parthadyarishta,Generally taken after meals for heart and circulatory support.
Ashokarishta,Typically taken after meals to address women's health issues.
Ashvagandharishta,Usually taken after meals to support overall vitality.
Balarishta,Typically taken after meals for strength and stamina.
Chandanasava,Generally taken after meals for cooling and calming effects.
Dashamularishta,Often taken before meals to support women's reproductive health.
Drakshasava,Typically taken after meals for digestive benefits.
Draksharishta,Generally taken after meals for digestive health.
Jirakadyarishta,Typically taken before meals for digestion and flatulence.
Kanakasava,Generally taken after meals for respiratory health.
Kumaryasava,Typically taken after meals for digestive and liver support.
Kutajarishta,Often taken before meals for digestive and bowel health.
Khadirarishta,Typically taken before meals for oral health.
Lodhrasava/Rodhrasava,Generally taken after meals for skin issues.
Lohasava,Typically taken after meals for anemia and blood health.
Mustakarishta,Generally taken after meals for digestive and liver support.
Pippalyadyasava,Typically taken after meals for digestive and respiratory health.
Rohitakarishta,Often taken before meals for liver and digestive health.
Sarasvatarishta,Generally taken after meals for mental clarity and memory.
Ushirasava,Typically taken after meals for cooling effects and urinary health.
Vasakasava,Generally taken after meals for respiratory support.
Punarnavasava,Typically taken after meals for kidney and urinary health.
Arka Yavani/Arka Ajvayana,Usually taken before meals for digestive benefits.
Arka Shatpushpa/Mishr eyarka,Generally taken before meals for digestive and respiratory health.
Arka Pudina,Typically taken before meals for digestive and cooling effects.
Agastya Haritaki/Agastya Rasayana,Usually taken before meals for respiratory health.
Bilvadi Leha,Generally taken after meals for digestive and gut health.
Brahama Rasayana,Typically taken after meals for overall rejuvenation.
Chitraka Haritaki,Generally taken before meals for digestive and respiratory health.
Chyavanprash Avaleha,Usually taken after meals as a general health tonic.
Drakshavaleha,Typically taken after meals for digestive and energy benefits.
Haridrakhanda Paka,Generally taken after meals for anti
Kutajavaleha,Typically taken after meals for digestive and bowel health.
Kalyanak Guda,Generally taken after meals as an overall health supplement.
Kantakaryavaleha,Typically taken after meals for digestive and respiratory health.
Kushmandaka Rasayana,Usually taken after meals for respiratory health.
Puga Khanda/Supari Paka,Generally taken after meals for digestive and gut health.
Saubhagyashunthi Paka,Typically taken after meals for digestive and respiratory health.
Shatavariguda,Generally taken after meals for female reproductive health.
Vasavaleha,Typically taken after meals for respiratory health.
Vyaghri Haritaki,Generally taken before meals for digestive and liver support.
Dashamula Kvatha Churna,Typically taken before meals for digestive and respiratory health.
Dashmula Katutraya Kvatha Churna,Generally taken before meals for digestive and respiratory health.
Dhanyapanchaka Kashaya Churna,Typically taken before meals for digestive and detoxification benefits.
Guduchyadi Kashaya Churna,Generally taken before meals for immune support.
Indukantam Kashayam Churna,Typically taken before meals for digestive and respiratory health.
Pancha-valkala Kashaya Churna,valkala Kashaya Churna
Pathyadi Kvatha(Shadanga) Churna,Usually taken before meals for digestive and respiratory support.
Phalatrikadi Kvatha Churna,Typically taken before meals for digestive and urinary health.
Rasnasaptaka Kashaya Churna,Generally taken before meals for joint and muscle health.
Shadanga Kvatha Churna,Typically taken before meals for digestive and respiratory support.
Trinapanchamula Kvatha Churna,Generally taken before meals for digestive and urinary health.
Varunadi Kvatha Churna,Typically taken before meals for urinary and kidney health.
Vasaguduchyadi Kashaya Churna,Generally taken before meals for respiratory and immune support.
Amritadi Guggulu,Typically taken after meals for joint and immune health.
Gokshuradi Guggulu,Generally taken after meals for urinary and kidney health.
Kanchanara Guggulu,Typically taken after meals for thyroid and lymphatic health.
Kaishora Guggulu,Generally taken after meals for skin and joint health.
Lakshadi Guggulu,Typically taken after meals for bone and joint health.
Navak Guggulu,Generally taken after meals for digestive and joint health.
Rasna Guggulu,Typically taken after meals for joint and muscle health.
Simhanada Guggulu,Generally taken after meals for joint and muscle health.
Saptavinshati Guggulu,Typically taken after meals for joint and muscle health.
Triphala Guggulu,Generally taken after meals for digestive and joint health.
Trayodashanga Guggulu,Typically taken after meals for joint and muscle health.
Punarnava Guggulu,Generally taken after meals for kidney and urinary health.
Yogaraja Guggulu,Typically taken after meals for joint and muscle health.
Brahmi Ghrita,Generally taken after meals for brain and nerve health.
Dadimadi Ghrita,Typically taken after meals for digestive and liver health.
Guggulutiktaka Ghrita,Generally taken after meals for skin and joint health.
Jathyadi Ghrita,Typically taken after meals for skin and wound healing.
Kalyanaka Ghrita,Generally taken after meals for overall health.
Kshirashatpala Ghrita,Typically taken after meals for digestive and respiratory health.
Panchatikta Ghrita,Generally taken after meals for skin and joint health.
Phala Ghrita,Typically taken after meals for digestive and reproductive health.
Shatavaryadi Ghrita,Generally taken after meals for female reproductive health.
Sukumar Ghrita,Typically taken after meals for digestive and respiratory health.
Indu kanta Ghrita,Generally taken after meals for digestive and respiratory health.
Tiktaka Ghrita,Typically taken after meals for skin and joint health.
Triphala Ghrita,Generally taken after meals for digestive and overall health.
Ajamodadi Churna,Typically taken before meals for digestive benefits.
Avipattikara Churna,Generally taken before meals for digestive and acidity issues.
Balachaturbhadra Churna,Typically taken before meals for digestive and respiratory health.
Bilvadi Churna,Generally taken before meals for digestive and gut health.
Dadimastak Churna,Typically taken before meals for digestive and acidity issues.
Dashanasanskara Churna,Generally taken before meals for digestive and gut health.
Eladi Churna,Typically taken before meals for digestive and respiratory support.
Hingvashtaka Churna,Generally taken before meals for digestive and flatulence issues.
Lavanabhaskara Churna/Bhaskarlavan churna,Typically taken before meals for digestive and acidity issues.
Nisha-Amalaki Churna,Amalaki Churna
Pushyanuga Churna,Typically taken before meals for female reproductive health.
Panchanimba Churna,Generally taken before meals for digestive and detoxification benefits.
Sitopaladi Churna,Typically taken before meals for respiratory and digestive health.
Talishadya Churna,Generally taken before meals for digestive and respiratory support.
Trikatu Churna,Typically taken before meals for digestive and respiratory health.
Triphala Churna,Generally taken before meals for digestive and detoxification benefits.
Jatiphaladya Churna,Typically taken before meals for digestive and respiratory health.
Amalaki Churna,Generally taken before meals for digestive and detoxification benefits.
Arjuna Churna,Usually taken before meals for heart and circulatory health.
Ashvagandha Churna,Typically taken before meals for vitality and stress relief.
Gokshura Churna,Generally taken before meals for urinary and kidney health.
Guduchi Churna,Typically taken before meals for immune support.
Haritaki Churna,Generally taken before meals for digestive and detoxification benefits.
Pippali Churna,Typically taken before meals for digestive and respiratory health.
Pippali mula Churna,Generally taken before meals for digestive and respiratory health.
Punarnava Churna,Typically taken before meals for kidney and urinary health.
Shunthi Churna,Generally taken before meals for digestive and respiratory health.
Sarasvata Churna,Typically taken before meals for mental clarity and memory.
Trivritamul Churna/Trivrita Churna,Generally taken before meals for digestive and bowel health.
Vidanga Churna,Typically taken before meals for digestive and detoxification benefits.
Yashtimadhu/Madhuyashti/Yashti Churna,Generally taken before meals for digestive and respiratory health.
Anutaila,Typically used for nasal administration (Nasya) under the guidance of an Ayurvedic practitioner.
Apamargkshara Taila,Generally used for external applications.
Bala Taila,Typically used for external applications.
Balashvagandhadi Taila,Generally used for external applications.
Bhringaraja Tail,Typically used for external applications.
Dhanvantar Taila/Dhanvantar Taila Avarti,Generally used for external applications.
Eranda Taila,Typically used for external applications.
Erimedadi Taila,Generally used for external applications.
Gandharvahasta Taila,Typically used for external applications.
Jatyadi Taila,Generally used for external applications.
Kshirbala Taila/Kshirbala Taila Avarti (Shatapaki),Typically used for external applications.
Kottamachukkadi Taila,Generally used for external applications.
Karpuradi Taila,Typically used for external applications.
Kasisadi Taila,Generally used for external applications.
Laghuvishagarbha Taila,Typically used for external applications.
Marichyadi Taila,Generally used for external applications.
Mahanarayan Taila,Typically used for external applications.
Brihanmasha Taila/Mahamash Taila,Generally used for external applications.
Murivenna Tail,Typically used for external applications.
Narayana Taila,Generally used for external applications.
Nalpamaradi Taila,Typically used for external applications.
Nirgundi Taila,Generally used for external applications.
Panchaguna Taila,Typically used for external applications.
Pinda Taila,Generally used for external applications.
Prasarini Taila,Typically used for external applications.
Sahacharadi Taila/Brihatsahcharadi Taila,Generally used for external applications.
Saindhavadi Taila,Typically used for external applications.
Shadabindu Taila,Generally used for external applications.
Somaraji Taila/Bakuchi Taila,Typically used for external applications.
Apamarga Kshar,Generally used under the guidance of an Ayurvedic practitioner.
Yavakshar,Generally used under the guidance of an Ayurvedic practitioner.
Ksharsutra,Typically used under the guidance of an Ayurvedic practitioner.
Dashanga Lepa,Generally used for external applications.
Shveta Malaham,Generally used for external applications.
Sarjarasa Malahara,Generally used for external applications.
Abhayadi Modakam,Typically taken after meals for digestive and bowel health.
Bilvadi Gutika,Generally taken after meals for digestive and gut health.
Chandraprabha Vati,Typically taken after meals for urinary and kidney health.
Chitrakadi Gutika,Generally taken after meals for digestive and liver health.
Dhanvantar Gutika,Typically taken after meals for general health.
Eladi Gutika,Generally taken after meals for respiratory and digestive health.
Kankayan Gutika,Typically taken after meals for digestive and bowel health.
Khadiradi Gutika (Mukhroga),Generally taken after meals for oral health.
Kutajaghan Vati,Typically taken after meals for digestive and bowel health.
Lavangadi Vati,Generally taken after meals for digestive and respiratory health.
Lahsunadi Vati,Typically taken after meals for digestive and respiratory health.
Prabhakara Vati,Generally taken after meals for digestive and liver health.
Rajahpravartini Vati,Typically taken after meals for digestive and reproductive health.
Samshamani Vati/Guduchighana Vati,Generally taken after meals for immune support.
Sarpagandhaghana Vati,Typically taken after meals for nervous system support.
Sanjivani Vati,Generally taken after meals for general health.
Vettumaran Gulika,Typically taken after meals for digestive and respiratory health.
Elanirkuzambu/Nalikeranjana,Generally used for external applications.
Guduchi Sattva,Typically taken after meals for immune support.
Panchamrita Parpati,Generally taken after meals for digestive and detoxification benefits.
Shveta Parpati/Kshara Parpati,Typically taken after meals for digestive and urinary health.
Akika Pishti,Generally taken after meals for digestive and reproductive health.
Mukta Pishti,Typically taken after meals for digestive and cooling effects.
Pravala Pishti,Generally taken after meals for digestive and cooling effects.
Godanti Bhasma,Typically taken after meals for digestive and cooling effects.
Jaharamohara Bhasma,Generally taken after meals for digestive and reproductive health.
Kapardika Bhasma,Typically taken after meals for digestive and cooling effects.
Mandur Bhasma,Generally taken after meals for anemia and blood health.
Muktashukti Bhasma,Typically taken after meals for digestive and cooling effects.
Shankha Bhasma,Generally taken after meals for digestive and cooling effects.
Sphatika Bhasma,Typically taken after meals for digestive and cooling effects.
Tankana Bhasma/Saubhagya Bhasma,Generally taken after meals for digestive and cooling effects.
Punarnavadi Mandura,Typically taken after meals for anemia and blood health.
Arogyavardhini Vati/Rasa,Generally taken after meals for digestive and liver health.
Arsho Kuthara Rasa,Typically taken after meals for digestive and bowel health.
Brahmi Vati,Generally taken after meals for brain and nervous system health.
Gandhak Rasayana,Typically taken after meals for skin and detoxification benefits.
Kamadudha  Rasa,Generally taken after meals for digestive and acidity issues.
Laghumalini Vasanta Rasa,Typically taken after meals for digestive and respiratory health.
Laghu Sutashekhara Rasa,Generally taken after meals for digestive and acidity issues.
Navajivana Rasa,Typically taken after meals for general health.
Shankha Vati,Generally taken after meals for digestive and acidity issues.
Shirahshuladi vajra Rasa,Typically taken after meals for headache relief.
Shvasakuthara Rasa,Generally taken after meals for respiratory health.
Smritisagara Rasa,Typically taken after meals for memory and cognitive support.
Tribhuvankirti Rasa,Generally taken after meals for digestive and respiratory health.
Vatagajankusha Rasa,Typically taken after meals for nervous system support.
Vatavidhavansan Rasa,Generally taken after meals for nervous system support.
Navayasa Lauha,Typically taken after meals for anemia and blood health.
Saptamrita Lauha,Generally taken after meals for anemia and blood health.
